Site_ID,Latitude,Longitude,source_file,prefix
CRMS0002,30.10025,-89.79173,crms_stations_coords.csv,CRMS
CRMS0003,30.09937,-89.25275,crms_stations_coords.csv,CRMS
CRMS0006,30.25993,-89.97923,crms_stations_coords.csv,CRMS
CRMS0008,30.23072,-90.68443,crms_stations_coords.csv,CRMS
CRMS0030,30.30482,-90.32942,crms_stations_coords.csv,CRMS
CRMS0033,30.27445,-90.3855,crms_stations_coords.csv,CRMS
CRMS0034,30.30348,-90.3855,crms_stations_coords.csv,CRMS
CRMS0035,30.26712,-89.66476,crms_stations_coords.csv,CRMS
CRMS0038,30.21616,-90.6817,crms_stations_coords.csv,CRMS
CRMS0039,30.10738,-90.68731,crms_stations_coords.csv,CRMS
CRMS0046,30.40488,-90.49934,crms_stations_coords.csv,CRMS
CRMS0047,30.13298,-90.53371,crms_stations_coords.csv,CRMS
CRMS0056,30.12919,-90.44297,crms_stations_coords.csv,CRMS
CRMS0059,30.09295,-90.53906,crms_stations_coords.csv,CRMS
CRMS0061,30.22322,-90.63992,crms_stations_coords.csv,CRMS
CRMS0063,30.1321,-90.64094,crms_stations_coords.csv,CRMS
CRMS0065,30.12192,-90.811,crms_stations_coords.csv,CRMS
CRMS0086,30.31791,-89.63324,crms_stations_coords.csv,CRMS
CRMS0097,30.1582,-90.65826,crms_stations_coords.csv,CRMS
CRMS0103,30.3978,-90.25928,crms_stations_coords.csv,CRMS
CRMS0108,29.95506,-89.41592,crms_stations_coords.csv,CRMS
CRMS0114,29.75912,-89.91673,crms_stations_coords.csv,CRMS
CRMS0115,29.78089,-89.91673,crms_stations_coords.csv,CRMS
CRMS0117,29.80992,-89.91673,crms_stations_coords.csv,CRMS
CRMS0118,29.37444,-89.54172,crms_stations_coords.csv,CRMS
CRMS0119,29.47605,-89.63548,crms_stations_coords.csv,CRMS
CRMS0120,29.84622,-89.85423,crms_stations_coords.csv,CRMS
CRMS0121,29.69379,-89.82298,crms_stations_coords.csv,CRMS
CRMS0125,29.76637,-89.97923,crms_stations_coords.csv,CRMS
CRMS0128,29.8317,-89.94798,crms_stations_coords.csv,CRMS
CRMS0129,29.46879,-89.60422,crms_stations_coords.csv,CRMS
CRMS0131,29.69252,-89.88552,crms_stations_coords.csv,CRMS
CRMS0132,29.66476,-89.88548,crms_stations_coords.csv,CRMS
CRMS0135,29.68654,-89.76048,crms_stations_coords.csv,CRMS
CRMS0136,29.62122,-89.79173,crms_stations_coords.csv,CRMS
CRMS0139,29.3817,-89.47922,crms_stations_coords.csv,CRMS
CRMS0146,29.73008,-89.72923,crms_stations_coords.csv,CRMS
CRMS0147,29.66476,-89.60422,crms_stations_coords.csv,CRMS
CRMS0148,29.51235,-89.69798,crms_stations_coords.csv,CRMS
CRMS0153,29.11315,-89.13546,crms_stations_coords.csv,CRMS
CRMS0154,29.11315,-89.19796,crms_stations_coords.csv,CRMS
CRMS0156,29.16394,-89.16671,crms_stations_coords.csv,CRMS
CRMS0157,29.12766,-89.22921,crms_stations_coords.csv,CRMS
CRMS0159,29.04056,-89.19796,crms_stations_coords.csv,CRMS
CRMS0161,29.29459,-89.16671,crms_stations_coords.csv,CRMS
CRMS0162,29.16395,-89.13546,crms_stations_coords.csv,CRMS
CRMS0163,29.21476,-89.41672,crms_stations_coords.csv,CRMS
CRMS0164,29.19306,-90.16994,crms_stations_coords.csv,CRMS
CRMS0171,29.32377,-89.79605,crms_stations_coords.csv,CRMS
CRMS0172,29.31653,-89.73433,crms_stations_coords.csv,CRMS
CRMS0173,29.4543,-89.72993,crms_stations_coords.csv,CRMS
CRMS0174,29.3963,-89.76302,crms_stations_coords.csv,CRMS
CRMS0175,29.2874,-90.13792,crms_stations_coords.csv,CRMS
CRMS0176,29.41078,-89.79333,crms_stations_coords.csv,CRMS
CRMS0178,29.28748,-90.04698,crms_stations_coords.csv,CRMS
CRMS0179,29.39623,-89.69845,crms_stations_coords.csv,CRMS
CRMS0181,29.33823,-89.70033,crms_stations_coords.csv,CRMS
CRMS0185,29.79535,-90.07269,crms_stations_coords.csv,CRMS
CRMS0190,29.52686,-90.26049,crms_stations_coords.csv,CRMS
CRMS0194,29.99133,-90.94014,crms_stations_coords.csv,CRMS
CRMS0197,29.91151,-90.94179,crms_stations_coords.csv,CRMS
CRMS0200,29.96965,-90.97757,crms_stations_coords.csv,CRMS
CRMS0206,29.83895,-90.66574,crms_stations_coords.csv,CRMS
CRMS0209,29.49057,-89.79173,crms_stations_coords.csv,CRMS
CRMS0217,29.91875,-90.87864,crms_stations_coords.csv,CRMS
CRMS0220,29.56315,-90.07299,crms_stations_coords.csv,CRMS
CRMS0224,29.49782,-89.91673,crms_stations_coords.csv,CRMS
CRMS0225,29.56315,-90.01048,crms_stations_coords.csv,CRMS
CRMS0226,29.51234,-89.88548,crms_stations_coords.csv,CRMS
CRMS0232,29.49783,-90.01048,crms_stations_coords.csv,CRMS
CRMS0234,29.79537,-90.10404,crms_stations_coords.csv,CRMS
CRMS0237,29.47605,-89.94798,crms_stations_coords.csv,CRMS
CRMS0248,29.59944,-90.07299,crms_stations_coords.csv,CRMS
CRMS0251,29.5196,-90.01048,crms_stations_coords.csv,CRMS
CRMS0253,29.55589,-90.07299,crms_stations_coords.csv,CRMS
CRMS0258,29.52686,-89.82298,crms_stations_coords.csv,CRMS
CRMS0260,29.53411,-89.85423,crms_stations_coords.csv,CRMS
CRMS0261,29.59944,-90.10424,crms_stations_coords.csv,CRMS
CRMS0263,29.55589,-89.88548,crms_stations_coords.csv,CRMS
CRMS0272,29.41799,-89.69798,crms_stations_coords.csv,CRMS
CRMS0276,29.62121,-89.94798,crms_stations_coords.csv,CRMS
CRMS0282,29.49783,-89.76048,crms_stations_coords.csv,CRMS
CRMS0287,29.68654,-90.01048,crms_stations_coords.csv,CRMS
CRMS0292,29.14218,-90.22924,crms_stations_coords.csv,CRMS
CRMS0293,29.24379,-91.19802,crms_stations_coords.csv,CRMS
CRMS0302,29.14783,-90.91699,crms_stations_coords.csv,CRMS
CRMS0303,29.24379,-91.07301,crms_stations_coords.csv,CRMS
CRMS0305,29.38895,-91.19802,crms_stations_coords.csv,CRMS
CRMS0307,29.25105,-90.82301,crms_stations_coords.csv,CRMS
CRMS0309,29.25105,-91.19802,crms_stations_coords.csv,CRMS
CRMS0310,29.29463,-90.29328,crms_stations_coords.csv,CRMS
CRMS0311,29.21476,-90.79176,crms_stations_coords.csv,CRMS
CRMS0312,29.50508,-90.3855,crms_stations_coords.csv,CRMS
CRMS0315,29.40347,-90.573,crms_stations_coords.csv,CRMS
CRMS0318,29.29465,-90.32546,crms_stations_coords.csv,CRMS
CRMS0319,29.32367,-90.32471,crms_stations_coords.csv,CRMS
CRMS0322,29.24379,-91.10454,crms_stations_coords.csv,CRMS
CRMS0324,29.99155,-91.23169,crms_stations_coords.csv,CRMS
CRMS0326,29.27282,-91.07301,crms_stations_coords.csv,CRMS
CRMS0332,29.30185,-91.04176,crms_stations_coords.csv,CRMS
CRMS0335,29.27286,-90.38772,crms_stations_coords.csv,CRMS
CRMS0336,29.32365,-90.38642,crms_stations_coords.csv,CRMS
CRMS0337,29.30915,-90.35593,crms_stations_coords.csv,CRMS
CRMS0338,29.33091,-90.41821,crms_stations_coords.csv,CRMS
CRMS0341,29.30914,-90.51227,crms_stations_coords.csv,CRMS
CRMS0345,29.17122,-90.76129,crms_stations_coords.csv,CRMS
CRMS0347,29.16397,-90.69962,crms_stations_coords.csv,CRMS
CRMS0354,29.33088,-91.01051,crms_stations_coords.csv,CRMS
CRMS0355,29.29663,-90.54149,crms_stations_coords.csv,CRMS
CRMS0369,29.2946,-90.69801,crms_stations_coords.csv,CRMS
CRMS0374,29.1567,-90.793,crms_stations_coords.csv,CRMS
CRMS0376,29.12767,-90.85667,crms_stations_coords.csv,CRMS
CRMS0377,29.22927,-91.0108,crms_stations_coords.csv,CRMS
CRMS0383,29.2075,-90.94888,crms_stations_coords.csv,CRMS
CRMS0385,29.41073,-90.60425,crms_stations_coords.csv,CRMS
CRMS0386,29.4325,-90.35425,crms_stations_coords.csv,CRMS
CRMS0387,29.41073,-90.323,crms_stations_coords.csv,CRMS
CRMS0390,29.46879,-90.66676,crms_stations_coords.csv,CRMS
CRMS0392,29.45428,-90.66676,crms_stations_coords.csv,CRMS
CRMS0394,29.35992,-90.85426,crms_stations_coords.csv,CRMS
CRMS0395,29.35992,-90.88551,crms_stations_coords.csv,CRMS
CRMS0396,29.3454,-90.88551,crms_stations_coords.csv,CRMS
CRMS0397,29.35266,-90.26049,crms_stations_coords.csv,CRMS
CRMS0398,29.38895,-90.91676,crms_stations_coords.csv,CRMS
CRMS0399,29.30185,-91.10426,crms_stations_coords.csv,CRMS
CRMS0400,29.49057,-90.5105,crms_stations_coords.csv,CRMS
CRMS0403,29.76638,-91.1331,crms_stations_coords.csv,CRMS
CRMS0416,29.47605,-90.47925,crms_stations_coords.csv,CRMS
CRMS0421,29.17122,-90.82439,crms_stations_coords.csv,CRMS
CRMS0434,29.32363,-90.72926,crms_stations_coords.csv,CRMS
CRMS0461,29.58492,-91.32302,crms_stations_coords.csv,CRMS
CRMS0463,29.49057,-91.32302,crms_stations_coords.csv,CRMS
CRMS0464,29.5196,-91.38552,crms_stations_coords.csv,CRMS
CRMS0465,29.54137,-91.38552,crms_stations_coords.csv,CRMS
CRMS0479,29.52686,-91.44803,crms_stations_coords.csv,CRMS
CRMS0482,29.58492,-91.35427,crms_stations_coords.csv,CRMS
CRMS0488,29.70831,-91.54178,crms_stations_coords.csv,CRMS
CRMS0489,29.59944,-91.54178,crms_stations_coords.csv,CRMS
CRMS0490,29.67928,-91.51053,crms_stations_coords.csv,CRMS
CRMS0493,29.75186,-91.76053,crms_stations_coords.csv,CRMS
CRMS0494,29.7446,-91.79178,crms_stations_coords.csv,CRMS
CRMS0496,29.6319,-91.544,crms_stations_coords.csv,CRMS
CRMS0498,29.49783,-91.85429,crms_stations_coords.csv,CRMS
CRMS0499,29.57041,-91.85429,crms_stations_coords.csv,CRMS
CRMS0501,29.63573,-92.26054,crms_stations_coords.csv,CRMS
CRMS0504,29.53412,-91.88554,crms_stations_coords.csv,CRMS
CRMS0507,29.58492,-92.22929,crms_stations_coords.csv,CRMS
CRMS0508,29.64299,-92.22929,crms_stations_coords.csv,CRMS
CRMS0511,29.88976,-91.97929,crms_stations_coords.csv,CRMS
CRMS0513,29.79541,-91.60407,crms_stations_coords.csv,CRMS
CRMS0514,29.85347,-91.82304,crms_stations_coords.csv,CRMS
CRMS0517,29.64299,-91.57303,crms_stations_coords.csv,CRMS
CRMS0520,29.58492,-91.88554,crms_stations_coords.csv,CRMS
CRMS0522,29.49782,-91.82304,crms_stations_coords.csv,CRMS
CRMS0523,29.57767,-91.82304,crms_stations_coords.csv,CRMS
CRMS0524,29.54863,-91.82304,crms_stations_coords.csv,CRMS
CRMS0527,29.70831,-91.85429,crms_stations_coords.csv,CRMS
CRMS0528,29.82444,-91.91679,crms_stations_coords.csv,CRMS
CRMS0529,29.59944,-91.91679,crms_stations_coords.csv,CRMS
CRMS0530,29.57767,-92.01054,crms_stations_coords.csv,CRMS
CRMS0531,29.85347,-91.94804,crms_stations_coords.csv,CRMS
CRMS0532,29.82444,-91.94804,crms_stations_coords.csv,CRMS
CRMS0535,29.64299,-92.16679,crms_stations_coords.csv,CRMS
CRMS0536,29.58492,-92.26054,crms_stations_coords.csv,CRMS
CRMS0541,29.61621,-92.04112,crms_stations_coords.csv,CRMS
CRMS0542,29.80266,-91.63553,crms_stations_coords.csv,CRMS
CRMS0543,29.75186,-91.63553,crms_stations_coords.csv,CRMS
CRMS0544,29.68654,-91.57303,crms_stations_coords.csv,CRMS
CRMS0545,29.71557,-91.60428,crms_stations_coords.csv,CRMS
CRMS0547,29.83895,-91.69803,crms_stations_coords.csv,CRMS
CRMS0549,29.8317,-91.85429,crms_stations_coords.csv,CRMS
CRMS0550,29.76637,-91.69803,crms_stations_coords.csv,CRMS
CRMS0551,29.70105,-91.54178,crms_stations_coords.csv,CRMS
CRMS0552,29.79541,-92.13554,crms_stations_coords.csv,CRMS
CRMS0553,29.84623,-93.01057,crms_stations_coords.csv,CRMS
CRMS0554,29.83171,-92.6668,crms_stations_coords.csv,CRMS
CRMS0556,29.91155,-92.79181,crms_stations_coords.csv,CRMS
CRMS0557,29.94058,-92.66681,crms_stations_coords.csv,CRMS
CRMS0560,29.85348,-92.5418,crms_stations_coords.csv,CRMS
CRMS0562,29.76639,-92.76056,crms_stations_coords.csv,CRMS
CRMS0565,29.79541,-92.44805,crms_stations_coords.csv,CRMS
CRMS0567,29.90428,-92.44805,crms_stations_coords.csv,CRMS
CRMS0568,29.78815,-92.4168,crms_stations_coords.csv,CRMS
CRMS0570,29.80267,-92.38555,crms_stations_coords.csv,CRMS
CRMS0571,29.70831,-92.29179,crms_stations_coords.csv,CRMS
CRMS0572,29.78815,-92.29179,crms_stations_coords.csv,CRMS
CRMS0574,29.79542,-92.63555,crms_stations_coords.csv,CRMS
CRMS0575,29.94058,-92.94807,crms_stations_coords.csv,CRMS
CRMS0576,29.59219,-92.4793,crms_stations_coords.csv,CRMS
CRMS0580,29.6067,-92.32305,crms_stations_coords.csv,CRMS
CRMS0581,29.66477,-92.72931,crms_stations_coords.csv,CRMS
CRMS0583,29.83896,-92.91681,crms_stations_coords.csv,CRMS
CRMS0584,29.79542,-92.85431,crms_stations_coords.csv,CRMS
CRMS0587,29.79542,-92.91681,crms_stations_coords.csv,CRMS
CRMS0588,29.77364,-92.82306,crms_stations_coords.csv,CRMS
CRMS0589,29.66477,-92.82306,crms_stations_coords.csv,CRMS
CRMS0590,29.93332,-92.82306,crms_stations_coords.csv,CRMS
CRMS0593,29.99139,-92.76056,crms_stations_coords.csv,CRMS
CRMS0595,29.85348,-92.63555,crms_stations_coords.csv,CRMS
CRMS0599,29.6067,-92.66681,crms_stations_coords.csv,CRMS
CRMS0600,29.57767,-92.54181,crms_stations_coords.csv,CRMS
CRMS0603,29.80268,-92.76056,crms_stations_coords.csv,CRMS
CRMS0604,29.75912,-92.76056,crms_stations_coords.csv,CRMS
CRMS0605,29.86074,-92.91682,crms_stations_coords.csv,CRMS
CRMS0608,29.67203,-92.6668,crms_stations_coords.csv,CRMS
CRMS0609,29.63574,-92.6043,crms_stations_coords.csv,CRMS
CRMS0610,29.6067,-92.63555,crms_stations_coords.csv,CRMS
CRMS0614,29.73736,-92.88556,crms_stations_coords.csv,CRMS
CRMS0615,29.67929,-92.82306,crms_stations_coords.csv,CRMS
CRMS0616,29.73009,-92.26054,crms_stations_coords.csv,CRMS
CRMS0618,29.73735,-92.26054,crms_stations_coords.csv,CRMS
CRMS0619,29.68654,-92.26054,crms_stations_coords.csv,CRMS
CRMS0622,29.80993,-92.97931,crms_stations_coords.csv,CRMS
CRMS0623,29.63573,-92.51055,crms_stations_coords.csv,CRMS
CRMS0624,29.86074,-92.88556,crms_stations_coords.csv,CRMS
CRMS0626,29.6938,-92.6043,crms_stations_coords.csv,CRMS
CRMS0630,29.78626,-92.79182,crms_stations_coords.csv,CRMS
CRMS0632,29.57041,-92.38555,crms_stations_coords.csv,CRMS
CRMS0633,29.56315,-92.32304,crms_stations_coords.csv,CRMS
CRMS0635,29.91881,-93.47932,crms_stations_coords.csv,CRMS
CRMS0638,29.868,-93.51057,crms_stations_coords.csv,CRMS
CRMS0639,29.88977,-93.47932,crms_stations_coords.csv,CRMS
CRMS0641,29.89703,-93.51057,crms_stations_coords.csv,CRMS
CRMS0642,29.868,-93.47932,crms_stations_coords.csv,CRMS
CRMS0644,29.83171,-93.29182,crms_stations_coords.csv,CRMS
CRMS0645,29.84623,-93.19807,crms_stations_coords.csv,CRMS
CRMS0647,29.84623,-93.47932,crms_stations_coords.csv,CRMS
CRMS0648,29.83897,-93.16682,crms_stations_coords.csv,CRMS
CRMS0650,29.91881,-93.13557,crms_stations_coords.csv,CRMS
CRMS0651,29.96236,-93.51057,crms_stations_coords.csv,CRMS
CRMS0655,29.79542,-93.41682,crms_stations_coords.csv,CRMS
CRMS0656,30.02042,-93.26057,crms_stations_coords.csv,CRMS
CRMS0658,30.05671,-93.60432,crms_stations_coords.csv,CRMS
CRMS0660,29.91881,-93.66682,crms_stations_coords.csv,CRMS
CRMS0661,29.84623,-93.63557,crms_stations_coords.csv,CRMS
CRMS0662,30.03494,-93.69808,crms_stations_coords.csv,CRMS
CRMS0663,30.01316,-93.69808,crms_stations_coords.csv,CRMS
CRMS0665,29.96236,-93.69807,crms_stations_coords.csv,CRMS
CRMS0669,29.88251,-93.72932,crms_stations_coords.csv,CRMS
CRMS0672,29.83171,-93.41682,crms_stations_coords.csv,CRMS
CRMS0677,29.85349,-93.54182,crms_stations_coords.csv,CRMS
CRMS0680,29.77365,-93.51057,crms_stations_coords.csv,CRMS
CRMS0682,29.82445,-93.57307,crms_stations_coords.csv,CRMS
CRMS0683,29.88977,-93.66682,crms_stations_coords.csv,CRMS
CRMS0684,29.81719,-93.82308,crms_stations_coords.csv,CRMS
CRMS0685,29.88977,-93.38557,crms_stations_coords.csv,CRMS
CRMS0687,29.94058,-93.35432,crms_stations_coords.csv,CRMS
CRMS0691,29.96235,-93.10432,crms_stations_coords.csv,CRMS
CRMS0693,29.89703,-93.63557,crms_stations_coords.csv,CRMS
CRMS0694,29.88251,-93.54182,crms_stations_coords.csv,CRMS
CRMS0697,30.06418,-93.66698,crms_stations_coords.csv,CRMS
CRMS0978,29.32365,-90.29251,crms_stations_coords.csv,CRMS
CRMS1024,29.87473,-89.37876,crms_stations_coords.csv,CRMS
CRMS1069,30.0485,-89.21826,crms_stations_coords.csv,CRMS
CRMS1100,29.65751,-92.44805,crms_stations_coords.csv,CRMS
CRMS1130,29.70106,-92.38555,crms_stations_coords.csv,CRMS
CRMS1205,29.87526,-93.57307,crms_stations_coords.csv,CRMS
CRMS1277,29.82445,-92.4793,crms_stations_coords.csv,CRMS
CRMS1409,29.868,-93.01057,crms_stations_coords.csv,CRMS
CRMS1413,29.89703,-93.01057,crms_stations_coords.csv,CRMS
CRMS1446,29.92606,-92.82306,crms_stations_coords.csv,CRMS
CRMS1650,29.80992,-92.04179,crms_stations_coords.csv,CRMS
CRMS1738,29.85349,-93.22932,crms_stations_coords.csv,CRMS
CRMS1743,29.88978,-93.22932,crms_stations_coords.csv,CRMS
CRMS1838,29.7809,-93.69807,crms_stations_coords.csv,CRMS
CRMS1858,29.83897,-93.51057,crms_stations_coords.csv,CRMS
CRMS1965,29.63573,-92.4793,crms_stations_coords.csv,CRMS
CRMS2041,29.76638,-92.16679,crms_stations_coords.csv,CRMS
CRMS2154,29.84623,-93.69807,crms_stations_coords.csv,CRMS
CRMS2156,29.87526,-93.69807,crms_stations_coords.csv,CRMS
CRMS2166,29.98413,-93.69808,crms_stations_coords.csv,CRMS
CRMS2189,29.92606,-93.76058,crms_stations_coords.csv,CRMS
CRMS2219,29.76639,-93.60432,crms_stations_coords.csv,CRMS
CRMS2334,29.88252,-93.51057,crms_stations_coords.csv,CRMS
CRMS2418,29.87526,-93.16682,crms_stations_coords.csv,CRMS
CRMS2493,29.82445,-92.88556,crms_stations_coords.csv,CRMS
CRMS2568,29.56315,-91.35427,crms_stations_coords.csv,CRMS
CRMS2608,29.22983,-89.31328,crms_stations_coords.csv,CRMS
CRMS2614,29.33814,-89.32296,crms_stations_coords.csv,CRMS
CRMS2627,29.2287,-89.18735,crms_stations_coords.csv,CRMS
CRMS2634,29.22927,-89.26046,crms_stations_coords.csv,CRMS
CRMS2825,29.49783,-90.448,crms_stations_coords.csv,CRMS
CRMS2830,30.03624,-90.34074,crms_stations_coords.csv,CRMS
CRMS2854,30.30348,-89.97923,crms_stations_coords.csv,CRMS
CRMS3054,29.72283,-90.35425,crms_stations_coords.csv,CRMS
CRMS3136,29.94783,-90.63551,crms_stations_coords.csv,CRMS
CRMS3166,29.8585,-90.28868,crms_stations_coords.csv,CRMS
CRMS3169,29.88891,-90.27227,crms_stations_coords.csv,CRMS
CRMS3296,29.38896,-90.47925,crms_stations_coords.csv,CRMS
CRMS3565,29.49783,-90.10424,crms_stations_coords.csv,CRMS
CRMS3590,29.48331,-89.94798,crms_stations_coords.csv,CRMS
CRMS3601,29.57767,-89.94798,crms_stations_coords.csv,CRMS
CRMS3617,29.54863,-89.91673,crms_stations_coords.csv,CRMS
CRMS3626,30.10751,-89.85423,crms_stations_coords.csv,CRMS
CRMS3639,29.90427,-89.85423,crms_stations_coords.csv,CRMS
CRMS3641,29.91879,-89.85423,crms_stations_coords.csv,CRMS
CRMS3650,30.0567,-89.82298,crms_stations_coords.csv,CRMS
CRMS3664,29.91153,-89.82298,crms_stations_coords.csv,CRMS
CRMS3667,30.25993,-89.88548,crms_stations_coords.csv,CRMS
CRMS3680,29.51235,-89.79173,crms_stations_coords.csv,CRMS
CRMS3784,30.15832,-89.66672,crms_stations_coords.csv,CRMS
CRMS3800,29.83896,-89.66672,crms_stations_coords.csv,CRMS
CRMS3913,30.16557,-90.47925,crms_stations_coords.csv,CRMS
CRMS3985,29.7175,-90.14901,crms_stations_coords.csv,CRMS
CRMS4014,29.54863,-91.32302,crms_stations_coords.csv,CRMS
CRMS4016,29.56315,-91.38552,crms_stations_coords.csv,CRMS
CRMS4045,29.38169,-91.01051,crms_stations_coords.csv,CRMS
CRMS4094,30.38572,-90.14679,crms_stations_coords.csv,CRMS
CRMS4103,29.6575,-90.04173,crms_stations_coords.csv,CRMS
CRMS4107,30.0567,-89.85423,crms_stations_coords.csv,CRMS
CRMS4110,30.20187,-89.66672,crms_stations_coords.csv,CRMS
CRMS4218,29.56315,-90.16674,crms_stations_coords.csv,CRMS
CRMS4245,29.67202,-90.13549,crms_stations_coords.csv,CRMS
CRMS4355,29.83896,-89.82298,crms_stations_coords.csv,CRMS
CRMS4406,30.20187,-89.72922,crms_stations_coords.csv,CRMS
CRMS4407,30.22363,-89.72922,crms_stations_coords.csv,CRMS
CRMS4448,29.21475,-89.22921,crms_stations_coords.csv,CRMS
CRMS4455,29.2583,-90.94801,crms_stations_coords.csv,CRMS
CRMS4529,29.46879,-89.82298,crms_stations_coords.csv,CRMS
CRMS4548,29.86073,-89.66672,crms_stations_coords.csv,CRMS
CRMS4551,29.85348,-89.60422,crms_stations_coords.csv,CRMS
CRMS4557,29.82444,-89.57297,crms_stations_coords.csv,CRMS
CRMS4572,30.0567,-89.47921,crms_stations_coords.csv,CRMS
CRMS4596,30.0567,-89.44796,crms_stations_coords.csv,CRMS
CRMS4626,29.33814,-89.19796,crms_stations_coords.csv,CRMS
CRMS4690,29.49783,-90.04174,crms_stations_coords.csv,CRMS
CRMS4779,29.64299,-91.44736,crms_stations_coords.csv,CRMS
CRMS4782,29.66477,-91.44702,crms_stations_coords.csv,CRMS
CRMS4808,29.63574,-91.41576,crms_stations_coords.csv,CRMS
CRMS4809,29.65026,-91.41553,crms_stations_coords.csv,CRMS
CRMS4900,29.63573,-91.2594,crms_stations_coords.csv,CRMS
CRMS4938,29.61395,-91.32278,crms_stations_coords.csv,CRMS
CRMS5035,29.62121,-91.03966,crms_stations_coords.csv,CRMS
CRMS5116,29.96955,-90.90878,crms_stations_coords.csv,CRMS
CRMS5167,30.14367,-90.77862,crms_stations_coords.csv,CRMS
CRMS5255,30.19451,-90.59718,crms_stations_coords.csv,CRMS
CRMS5267,30.29963,-90.6023,crms_stations_coords.csv,CRMS
CRMS5373,30.10068,-90.63077,crms_stations_coords.csv,CRMS
CRMS5414,30.15824,-90.63067,crms_stations_coords.csv,CRMS
CRMS5452,30.36863,-90.53218,crms_stations_coords.csv,CRMS
CRMS5536,29.96961,-91.12931,crms_stations_coords.csv,CRMS
CRMS5845,30.18719,-90.68545,crms_stations_coords.csv,CRMS
CRMS6038,29.6067,-91.35392,crms_stations_coords.csv,CRMS
CRMS6042,29.63574,-91.35345,crms_stations_coords.csv,CRMS
CRMS6088,30.3116,-89.66222,crms_stations_coords.csv,CRMS
CRMS6090,30.32511,-89.6628,crms_stations_coords.csv,CRMS
CRMS6209,30.37605,-90.25989,crms_stations_coords.csv,CRMS
CRMS6299,30.05059,-90.35142,crms_stations_coords.csv,CRMS
CRMS6301,29.96036,-93.40959,crms_stations_coords.csv,CRMS
CRMS6302,30.03997,-93.42292,crms_stations_coords.csv,CRMS
CRMS6303,29.47261,-90.19157,crms_stations_coords.csv,CRMS
CRMS6304,29.42376,-91.27523,crms_stations_coords.csv,CRMS
CRMS0058,30.16549,-90.53726,17968_Coordinates.csv,CRMS
CRMS0089,30.13183,-90.58307,17968_Coordinates.csv,CRMS
CRMS0090,30.15933,-90.56128,17968_Coordinates.csv,CRMS
CRMS0184,29.8026,-90.07272,17968_Coordinates.csv,CRMS
CRMS0188,29.79541,-90.13549,17968_Coordinates.csv,CRMS
CRMS0189,29.80993,-90.26049,17968_Coordinates.csv,CRMS
CRMS0192,29.85348,-90.54175,17968_Coordinates.csv,CRMS
CRMS0211,29.7809,-90.47925,17968_Coordinates.csv,CRMS
CRMS0218,29.7736,-90.69502,17968_Coordinates.csv,CRMS
CRMS0219,29.80267,-90.32299,17968_Coordinates.csv,CRMS
CRMS0241,29.71556,-90.50994,17968_Coordinates.csv,CRMS
CRMS0268,29.79541,-90.60425,17968_Coordinates.csv,CRMS
CRMS0273,29.81718,-90.32299,17968_Coordinates.csv,CRMS
CRMS0278,29.80993,-90.22924,17968_Coordinates.csv,CRMS
CRMS0290,29.4833,-91.04176,17968_Coordinates.csv,CRMS
CRMS0294,29.41798,-90.94801,17968_Coordinates.csv,CRMS
CRMS0296,29.41798,-90.91676,17968_Coordinates.csv,CRMS
CRMS0301,29.50508,-91.22927,17968_Coordinates.csv,CRMS
CRMS0327,29.44702,-91.07301,17968_Coordinates.csv,CRMS
CRMS0329,29.4833,-91.10426,17968_Coordinates.csv,CRMS
CRMS0331,29.58492,-90.54175,17968_Coordinates.csv,CRMS
CRMS0365,29.46879,-91.19802,17968_Coordinates.csv,CRMS
CRMS0367,29.62847,-90.573,17968_Coordinates.csv,CRMS
CRMS0371,29.42524,-91.07301,17968_Coordinates.csv,CRMS
CRMS0381,29.44702,-90.85426,17968_Coordinates.csv,CRMS
CRMS0382,29.4325,-90.85426,17968_Coordinates.csv,CRMS
CRMS0409,29.47605,-90.91676,17968_Coordinates.csv,CRMS
CRMS0411,29.49782,-90.94801,17968_Coordinates.csv,CRMS
CRMS0414,29.70104,-90.94609,17968_Coordinates.csv,CRMS
CRMS0484,29.49056,-91.44803,17968_Coordinates.csv,CRMS
CRMS2785,29.50508,-91.04176,17968_Coordinates.csv,CRMS
CRMS2862,29.54863,-91.07301,17968_Coordinates.csv,CRMS
CRMS2881,29.47605,-91.01051,17968_Coordinates.csv,CRMS
CRMS2887,29.5196,-90.91676,17968_Coordinates.csv,CRMS
CRMS2939,29.59944,-90.573,17968_Coordinates.csv,CRMS
CRMS2991,29.63573,-90.448,17968_Coordinates.csv,CRMS
CRMS5003,29.62122,-91.29092,17968_Coordinates.csv,CRMS
CRMS5672,29.86795,-90.84838,17968_Coordinates.csv,CRMS
CRMS5770,29.7594,-90.90085,17968_Coordinates.csv,CRMS
CRMS5992,29.77364,-91.54136,17968_Coordinates.csv,CRMS
CRMS6008,29.62848,-91.47873,17968_Coordinates.csv,CRMS
BA01,29.70149,-90.35878,17980_Coordinates.csv,BA
BA02,29.54908,-90.22705,17980_Coordinates.csv,BA
BA03c,29.68737,-90.01653,17980_Coordinates.csv,BA
BA04,29.52408,-89.7803,17980_Coordinates.csv,BA
BA20,29.69514,-90.16067,17980_Coordinates.csv,BA
BA34,29.91141,-90.73017,17980_Coordinates.csv,BA
BAFS-17BT,29.12287,-89.89694,17980_Coordinates.csv,BAFS
BAFS-17SF,29.12287,-89.89694,17980_Coordinates.csv,BAFS
BS03a,29.82759,-89.95434,17980_Coordinates.csv,BS
BS08,29.7106,-89.79984,17980_Coordinates.csv,BS
CRMS0151,29.20753,-89.13751,17980_Coordinates.csv,CRMS
CRMS5858,30.31839,-90.68378,17980_Coordinates.csv,CRMS
CS02,29.96439,-93.46627,17980_Coordinates.csv,CS
CS20,29.8087,-93.39931,17980_Coordinates.csv,CS
CS23,29.90893,-93.38154,17980_Coordinates.csv,CS
CS27,30.03417,-93.60722,17980_Coordinates.csv,CS
CS31,29.77083,-93.52981,17980_Coordinates.csv,CS
DCPTE03,29.38444,-90.72945,17980_Coordinates.csv,DCPTE
ME04,29.74917,-92.26035,17980_Coordinates.csv,ME
ME11,29.83873,-92.8754,17980_Coordinates.csv,ME
ME16,29.61739,-92.56803,17980_Coordinates.csv,ME
PO06,30.20319,-89.72706,17980_Coordinates.csv,PO
PO24,29.81976,-89.61484,17980_Coordinates.csv,PO
TE03,29.38351,-90.60683,17980_Coordinates.csv,TE
TE26,29.35376,-91.24825,17980_Coordinates.csv,TE
TE28,29.38578,-91.0009,17980_Coordinates.csv,TE
TE45,29.28571,-90.61758,17980_Coordinates.csv,TE
TV04,29.63882,-91.55733,17980_Coordinates.csv,TV
TV14,29.57102,-91.75404,17980_Coordinates.csv,TV
DCPTE09,29.90911,-91.21584,17982_Coordinates.csv,DCPTE
TV21CR01,29.5546,-91.7236,17982_Coordinates.csv,TV
TV21CR02,29.55166,-91.73801,17982_Coordinates.csv,TV
